":START_ID",":END_ID"
"11d95327-e8bf-46de-bcf8-26e3bf3e6891","ac541fa8-5ccc-405a-972f-79960848b4e2"
"81c74688-d714-4d7a-bc4f-27c35ab4de55","ac541fa8-5ccc-405a-972f-79960848b4e2"
"72eecb17-c336-41dc-98e8-175871614fbb","d9dbf33a-9b7e-4b66-acaf-1040c42418eb"
"80e5a47b-713e-45fe-8c01-4d769e2baf3c","d9dbf33a-9b7e-4b66-acaf-1040c42418eb"
"2a0073f5-db12-4bfd-a484-c300f26f70e0","727450d4-ea49-42f6-b21f-f535c06748e4"
"418b060a-7440-4adc-a263-d3b3337c33e7","727450d4-ea49-42f6-b21f-f535c06748e4"
"177f06b0-3c09-497b-a312-6cb55b6a8aa7","727450d4-ea49-42f6-b21f-f535c06748e4"
"7af5dcb1-200d-4fa0-8f6c-eec31a3b7068","727450d4-ea49-42f6-b21f-f535c06748e4"
"db117c0f-a727-43b1-a496-2503e2ff1dfc","727450d4-ea49-42f6-b21f-f535c06748e4"
"0c039e00-04c6-4ede-b308-20492022167a","727450d4-ea49-42f6-b21f-f535c06748e4"
"4512651a-1c58-476d-ba50-2a73fa7b82eb","727450d4-ea49-42f6-b21f-f535c06748e4"
"fc050cd4-da1d-40d8-bad2-d6723affff25","727450d4-ea49-42f6-b21f-f535c06748e4"
"1e076462-2b73-4f95-ab74-e56afdea9d5f","727450d4-ea49-42f6-b21f-f535c06748e4"
"a6897c0d-304f-40cf-8ea7-ac0ebe4598dd","727450d4-ea49-42f6-b21f-f535c06748e4"
"e1df43e4-e39f-493c-b248-421e54a93145","9d7f859a-e5f3-4685-b3ab-d77774d11421"
"10479215-04b9-458a-8ee2-6c4dd29a5ba8","9b5d552e-9aac-4799-9a3f-f47f027bbfb2"
